Town,State,Competitor,Retained zone,Distance km,Stored tier (was),Stored tier (becomes),Evidence,Verdict code,Note
Ahmednagar,Maharashtra,IOCL,Pune,113,inferred_via_hpl,inferred_location,HPL Annexure V lists Ahmednagar under Maharashtra_Pune; IOCL publishes a zone there (retained_live_hpl_hub),B1,"near-tie with the nearest zone (kept, per rule A2)"
Ahmednagar,Maharashtra,RIL,PUNE,113,inferred_via_hpl,inferred_location,HPL Annexure V lists Ahmednagar under Maharashtra_Pune; RIL publishes a zone there (retained_live_hpl_hub),B1,"near-tie with the nearest zone (kept, per rule A2)"
Ahmednagar,Maharashtra,HMEL,Pune,113,inferred_via_hpl,inferred_location,HPL Annexure V lists Ahmednagar under Maharashtra_Pune; HMEL publishes a zone there (retained_live_hpl_hub),B1,"near-tie with the nearest zone (kept, per rule A2)"
Ahmednagar,Maharashtra,OPaL,Pune,113,inferred_via_hpl,inferred_location,HPL Annexure V lists Ahmednagar under Maharashtra_Pune; OPaL publishes a zone there (retained_live_hpl_hub),B1,"near-tie with the nearest zone (kept, per rule A2)"
Akola,Maharashtra,IOCL,Nagpur,222,inferred_via_hpl,inferred_location,HPL Annexure V lists Akola under Maharashtra_Nagpur; IOCL publishes a zone there (retained_live_hpl_hub),C,HPL hub kept; a nearer zone exists and is open for per-town review
Akola,Maharashtra,RIL,NAGPUR,222,inferred_via_hpl,inferred_location,HPL Annexure V lists Akola under Maharashtra_Nagpur; RIL publishes a zone there (retained_live_hpl_hub),C,HPL hub kept; a nearer zone exists and is open for per-town review
Akola,Maharashtra,HMEL,Nagpur,222,inferred_via_hpl,inferred_location,HPL Annexure V lists Akola under Maharashtra_Nagpur; HMEL publishes a zone there (retained_live_hpl_hub),C,HPL hub kept; a nearer zone exists and is open for per-town review
Akola,Maharashtra,OPaL,Nagpur,222,inferred_via_hpl,inferred_location,HPL Annexure V lists Akola under Maharashtra_Nagpur; OPaL publishes a zone there (retained_live_hpl_hub),C,HPL hub kept; a nearer zone exists and is open for per-town review
Beawar,Rajasthan,IOCL,Jodhpur,132,inferred_via_hpl,inferred_location,HPL Annexure V lists Beawar under Rajasthan_Jodhpur; IOCL publishes a zone there (retained_live_hpl_hub),A,Beawar: identical to the pending candidate; candidate approval stays separate and pending
Beawar,Rajasthan,RIL,JODHPUR,132,inferred_via_hpl,inferred_location,HPL Annexure V lists Beawar under Rajasthan_Jodhpur; RIL publishes a zone there (retained_live_hpl_hub),A,Beawar: identical to the pending candidate; candidate approval stays separate and pending
Beawar,Rajasthan,HMEL,Jodhpur,132,inferred_via_hpl,inferred_location,HPL Annexure V lists Beawar under Rajasthan_Jodhpur; HMEL publishes a zone there (retained_live_hpl_hub),C,HPL hub kept; a nearer zone exists and is open for per-town review
Beawar,Rajasthan,OPaL,Jodhpur,132,inferred_via_hpl,inferred_location,HPL Annexure V lists Beawar under Rajasthan_Jodhpur; OPaL publishes a zone there (retained_live_hpl_hub),A,Beawar: identical to the pending candidate; candidate approval stays separate and pending
Bharatpur,Rajasthan,IOCL,Jaipur,172,inferred_via_hpl,inferred_location,HPL Annexure V lists Bharatpur under Rajasthan_Jaipur; IOCL publishes a zone there (retained_live_hpl_hub),C,HPL hub kept; a nearer zone exists and is open for per-town review
Bharatpur,Rajasthan,RIL,JAIPUR,172,inferred_via_hpl,inferred_location,HPL Annexure V lists Bharatpur under Rajasthan_Jaipur; RIL publishes a zone there (retained_live_hpl_hub),C,HPL hub kept; a nearer zone exists and is open for per-town review
Bharatpur,Rajasthan,HMEL,Jaipur,172,inferred_via_hpl,inferred_location,HPL Annexure V lists Bharatpur under Rajasthan_Jaipur; HMEL publishes a zone there (retained_live_hpl_hub),C,HPL hub kept; a nearer zone exists and is open for per-town review
Bharatpur,Rajasthan,OPaL,Jaipur,172,inferred_via_hpl,inferred_location,HPL Annexure V lists Bharatpur under Rajasthan_Jaipur; OPaL publishes a zone there (retained_live_hpl_hub),C,HPL hub kept; a nearer zone exists and is open for per-town review
Bharuch,Gujarat,IOCL,Vadodara,71,inferred_via_hpl,inferred_location,HPL Annexure V lists Bharuch under Gujarat_Vadodara; IOCL publishes a zone there (retained_live_hpl_hub),B1,"near-tie with the nearest zone (kept, per rule A2)"
Bharuch,Gujarat,RIL,BARODA,71,inferred_via_hpl,inferred_location,HPL Annexure V lists Bharuch under Gujarat_Vadodara; RIL publishes a zone there (retained_live_hpl_hub),B1,"near-tie with the nearest zone (kept, per rule A2)"
Bharuch,Gujarat,HMEL,Vadodara,71,inferred_via_hpl,inferred_location,HPL Annexure V lists Bharuch under Gujarat_Vadodara; HMEL publishes a zone there (retained_live_hpl_hub),B1,"near-tie with the nearest zone (kept, per rule A2)"
Bhiwani,Haryana,IOCL,Panipat,104,inferred_via_hpl,inferred_location,HPL Annexure V lists Bhiwani under Haryana_Panipat; IOCL publishes a zone there (retained_live_hpl_hub),B1,"near-tie with the nearest zone (kept, per rule A2)"
Bhiwani,Haryana,HMEL,Panipat,104,inferred_via_hpl,inferred_location,HPL Annexure V lists Bhiwani under Haryana_Panipat; HMEL publishes a zone there (retained_live_hpl_hub),B1,"near-tie with the nearest zone (kept, per rule A2)"
Bhiwani,Haryana,OPaL,Panipat,104,inferred_via_hpl,inferred_location,HPL Annexure V lists Bhiwani under Haryana_Panipat; OPaL publishes a zone there (retained_live_hpl_hub),B1,"near-tie with the nearest zone (kept, per rule A2)"
Dholpur,Rajasthan,IOCL,Jaipur,209,inferred_via_hpl,inferred_location,HPL Annexure V lists Dholpur under Rajasthan_Jaipur; IOCL publishes a zone there (retained_live_hpl_hub),C,HPL hub kept; a nearer zone exists and is open for per-town review
Dholpur,Rajasthan,RIL,JAIPUR,209,inferred_via_hpl,inferred_location,HPL Annexure V lists Dholpur under Rajasthan_Jaipur; RIL publishes a zone there (retained_live_hpl_hub),C,HPL hub kept; a nearer zone exists and is open for per-town review
Dholpur,Rajasthan,HMEL,Jaipur,209,inferred_via_hpl,inferred_location,HPL Annexure V lists Dholpur under Rajasthan_Jaipur; HMEL publishes a zone there (retained_live_hpl_hub),C,HPL hub kept; a nearer zone exists and is open for per-town review
Dholpur,Rajasthan,OPaL,Jaipur,209,inferred_via_hpl,inferred_location,HPL Annexure V lists Dholpur under Rajasthan_Jaipur; OPaL publishes a zone there (retained_live_hpl_hub),C,HPL hub kept; a nearer zone exists and is open for per-town review
Erode,Tamil Nadu,RIL,COIMBATORE,91,inferred_via_hpl,inferred_location,HPL Annexure V lists Erode under Tamil Nadu_Coimbatore; RIL publishes a zone there (retained_live_hpl_hub),C,HPL hub kept; a nearer zone exists and is open for per-town review
Erode,Tamil Nadu,HMEL,Coimbatore,91,inferred_via_hpl,inferred_location,HPL Annexure V lists Erode under Tamil Nadu_Coimbatore; HMEL publishes a zone there (retained_live_hpl_hub),C,HPL hub kept; a nearer zone exists and is open for per-town review
Erode,Tamil Nadu,OPaL,Coimbatore,91,inferred_via_hpl,inferred_location,HPL Annexure V lists Erode under Tamil Nadu_Coimbatore; OPaL publishes a zone there (retained_live_hpl_hub),C,HPL hub kept; a nearer zone exists and is open for per-town review
Etawah,Uttar Pradesh,RIL,KANPUR,137,inferred_via_hpl,inferred_location,HPL Annexure V lists Etawah under Uttar Pradesh_Kanpur; RIL publishes a zone there (retained_live_hpl_hub),C,HPL hub kept; a nearer zone exists and is open for per-town review
Etawah,Uttar Pradesh,HMEL,Kanpur,137,inferred_via_hpl,inferred_location,HPL Annexure V lists Etawah under Uttar Pradesh_Kanpur; HMEL publishes a zone there (retained_live_hpl_hub),C,HPL hub kept; a nearer zone exists and is open for per-town review
Etawah,Uttar Pradesh,OPaL,Kanpur,137,inferred_via_hpl,inferred_location,HPL Annexure V lists Etawah under Uttar Pradesh_Kanpur; OPaL publishes a zone there (retained_live_hpl_hub),C,HPL hub kept; a nearer zone exists and is open for per-town review
Fazilka,Punjab,IOCL,Ludhiana,184,inferred_via_hpl,inferred_location,HPL Annexure V lists Fazilka under Punjab_Ludhiana; IOCL publishes a zone there (retained_live_hpl_hub),B2,"near-tie, 120-225 km"
Guna,Madhya Pradesh,RIL,BHOPAL,155,inferred_via_hpl,inferred_location,HPL Annexure V lists Guna under Madhya Pradesh_Bhopal; RIL publishes a zone there (retained_live_hpl_hub),B2,"near-tie, 120-225 km"
Guna,Madhya Pradesh,OPaL,Bhopal,155,inferred_via_hpl,inferred_location,HPL Annexure V lists Guna under Madhya Pradesh_Bhopal; OPaL publishes a zone there (retained_live_hpl_hub),B2,"near-tie, 120-225 km"
Jamnagar,Gujarat,IOCL,Rajkot,77,inferred_via_hpl,inferred_location,HPL Annexure V lists Jamnagar under Gujarat_Rajkot; IOCL publishes a zone there (retained_live_hpl_hub),B1,"near-tie with the nearest zone (kept, per rule A2)"
Jamnagar,Gujarat,RIL,RAJKOT,77,inferred_via_hpl,inferred_location,HPL Annexure V lists Jamnagar under Gujarat_Rajkot; RIL publishes a zone there (retained_live_hpl_hub),B1,"near-tie with the nearest zone (kept, per rule A2)"
Jamnagar,Gujarat,HMEL,Rajkot,77,inferred_via_hpl,inferred_location,HPL Annexure V lists Jamnagar under Gujarat_Rajkot; HMEL publishes a zone there (retained_live_hpl_hub),C,HPL hub kept; a nearer zone exists and is open for per-town review
Jamnagar,Gujarat,OPaL,Rajkot,77,inferred_via_hpl,inferred_location,HPL Annexure V lists Jamnagar under Gujarat_Rajkot; OPaL publishes a zone there (retained_live_hpl_hub),B1,"near-tie with the nearest zone (kept, per rule A2)"
Karur,Tamil Nadu,IOCL,Madurai,116,inferred_via_hpl,inferred_location,HPL Annexure V lists Karur under Tamil Nadu_Madurai; IOCL publishes a zone there (retained_live_hpl_hub),C,HPL hub kept; a nearer zone exists and is open for per-town review
Katni,Madhya Pradesh,IOCL,Rewa,119,inferred_via_hpl,inferred_location,HPL Annexure V lists Katni under Madhya Pradesh_Rewa; IOCL publishes a zone there (retained_live_hpl_hub),C,HPL hub kept; a nearer zone exists and is open for per-town review
Katni,Madhya Pradesh,RIL,REWA,119,inferred_via_hpl,inferred_location,HPL Annexure V lists Katni under Madhya Pradesh_Rewa; RIL publishes a zone there (retained_live_hpl_hub),C,HPL hub kept; a nearer zone exists and is open for per-town review
Katni,Madhya Pradesh,HMEL,Rewa,119,inferred_via_hpl,inferred_location,HPL Annexure V lists Katni under Madhya Pradesh_Rewa; HMEL publishes a zone there (retained_live_hpl_hub),C,HPL hub kept; a nearer zone exists and is open for per-town review
Nagaur,Rajasthan,HMEL,Jodhpur,127,inferred_via_hpl,inferred_location,HPL Annexure V lists Nagaur under Rajasthan_Jodhpur; HMEL publishes a zone there (retained_live_hpl_hub),B2,"near-tie, 120-225 km"
Namakkal,Tamil Nadu,IOCL,Madurai,145,inferred_via_hpl,inferred_location,HPL Annexure V lists Namakkal under Tamil Nadu_Madurai; IOCL publishes a zone there (retained_live_hpl_hub),C,HPL hub kept; a nearer zone exists and is open for per-town review
Rohtak,Haryana,IOCL,Panipat,66,inferred_via_hpl,inferred_location,HPL Annexure V lists Rohtak under Haryana_Panipat; IOCL publishes a zone there (retained_live_hpl_hub),B1,"near-tie with the nearest zone (kept, per rule A2)"
Rohtak,Haryana,HMEL,Panipat,66,inferred_via_hpl,inferred_location,HPL Annexure V lists Rohtak under Haryana_Panipat; HMEL publishes a zone there (retained_live_hpl_hub),B1,"near-tie with the nearest zone (kept, per rule A2)"
Rohtak,Haryana,OPaL,Panipat,66,inferred_via_hpl,inferred_location,HPL Annexure V lists Rohtak under Haryana_Panipat; OPaL publishes a zone there (retained_live_hpl_hub),B1,"near-tie with the nearest zone (kept, per rule A2)"
Salem,Tamil Nadu,HMEL,Coimbatore,148,inferred_via_hpl,inferred_location,HPL Annexure V lists Salem under Tamil Nadu_Coimbatore; HMEL publishes a zone there (retained_live_hpl_hub),C,HPL hub kept; a nearer zone exists and is open for per-town review
Satara,Maharashtra,IOCL,Kolhapur,113,inferred_via_hpl,inferred_location,HPL Annexure V lists Satara under Maharashtra_Kolhapur; IOCL publishes a zone there (retained_live_hpl_hub),C,HPL hub kept; a nearer zone exists and is open for per-town review
Satara,Maharashtra,HMEL,Kolhapur,113,inferred_via_hpl,inferred_location,HPL Annexure V lists Satara under Maharashtra_Kolhapur; HMEL publishes a zone there (retained_live_hpl_hub),C,HPL hub kept; a nearer zone exists and is open for per-town review
Satara,Maharashtra,OPaL,Kolhapur,113,inferred_via_hpl,inferred_location,HPL Annexure V lists Satara under Maharashtra_Kolhapur; OPaL publishes a zone there (retained_live_hpl_hub),C,HPL hub kept; a nearer zone exists and is open for per-town review
Shajapur,Madhya Pradesh,IOCL,Bhopal,116,inferred_via_hpl,inferred_location,HPL Annexure V lists Shajapur under Madhya Pradesh_Bhopal; IOCL publishes a zone there (retained_live_hpl_hub),C,HPL hub kept; a nearer zone exists and is open for per-town review
Shajapur,Madhya Pradesh,RIL,BHOPAL,116,inferred_via_hpl,inferred_location,HPL Annexure V lists Shajapur under Madhya Pradesh_Bhopal; RIL publishes a zone there (retained_live_hpl_hub),C,HPL hub kept; a nearer zone exists and is open for per-town review
Shajapur,Madhya Pradesh,HMEL,Bhopal,116,inferred_via_hpl,inferred_location,HPL Annexure V lists Shajapur under Madhya Pradesh_Bhopal; HMEL publishes a zone there (retained_live_hpl_hub),C,HPL hub kept; a nearer zone exists and is open for per-town review
Shajapur,Madhya Pradesh,OPaL,Bhopal,116,inferred_via_hpl,inferred_location,HPL Annexure V lists Shajapur under Madhya Pradesh_Bhopal; OPaL publishes a zone there (retained_live_hpl_hub),C,HPL hub kept; a nearer zone exists and is open for per-town review
Surendranagar,Gujarat,IOCL,Ahmedabad,102,inferred_via_hpl,inferred_location,HPL Annexure V lists Surendranagar under Gujarat_Ahmedabad; IOCL publishes a zone there (retained_live_hpl_hub),B1,"near-tie with the nearest zone (kept, per rule A2)"
Surendranagar,Gujarat,RIL,AHMEDABAD,102,inferred_via_hpl,inferred_location,HPL Annexure V lists Surendranagar under Gujarat_Ahmedabad; RIL publishes a zone there (retained_live_hpl_hub),B1,"near-tie with the nearest zone (kept, per rule A2)"
Surendranagar,Gujarat,HMEL,Ahmedabad,102,inferred_via_hpl,inferred_location,HPL Annexure V lists Surendranagar under Gujarat_Ahmedabad; HMEL publishes a zone there (retained_live_hpl_hub),B1,"near-tie with the nearest zone (kept, per rule A2)"
Surendranagar,Gujarat,OPaL,Ahmedabad,102,inferred_via_hpl,inferred_location,HPL Annexure V lists Surendranagar under Gujarat_Ahmedabad; OPaL publishes a zone there (retained_live_hpl_hub),B1,"near-tie with the nearest zone (kept, per rule A2)"
